{
  "chain": [
    {
      "index": 1,
      "timestamp": 1729517189.148084,
      "transactions": [
        null
      ],
      "proof": 100,
      "previous_hash": 1,
      "hash": "1135cf4a704de51c97a63492b1ae789f615c9c8892b9fe2853d58fd14494eeda"
    }
  ],
  "current_transactions": [],
  "nodes": {
    "0": "wives-restored-rocks-victorian.trycloudflare.com"
  },
  "ttl": {
    "wives-restored-rocks-victorian": 1729517796.2893214,
    "distribution-fitness-grows-hobby": 1729517574.8110924,
    "simplicity_server.onrender.com": 1729434254.8988836,
    "store-infected-mn-serious": 1729434167.9724069,
    "paint-hang-than-found": 1729356702.2762148,
    "done-safely-merry-fired": 1729357253.7637203,
    "chat-dictionary-equipment-episode": 1729330602.7764504,
    "simplicity-server1": 1729137155.8219357
  }
}